{
  "version": 1,
  "author": "Rand",
  "editor": "wokwi",
  "parts": [
    { "type": "board-esp32-devkit-c-v4", "id": "esp", "top": 0, "left": 0, "attrs": {} },
    { "type": "wokwi-hc-sr04", "id": "ultrasonic1", "top": -132.9, "left": -253.7, "attrs": {} }
  ],
  "connections": [
    [ "esp:TX", "$serialMonitor:RX", "", [] ],
    [ "esp:RX", "$serialMonitor:TX", "", [] ],
    [ "ultrasonic1:VCC", "esp:3V3", "red", [ "v0" ] ],
    [ "ultrasonic1:GND", "esp:GND.1", "black", [ "v0" ] ],
    [ "ultrasonic1:TRIG", "esp:13", "green", [ "v0" ] ],
    [ "ultrasonic1:ECHO", "esp:12", "green", [ "v0" ] ]
  ],
  "dependencies": {}
}